case	case_id	case_status	case_type	case_value
IF-1509242	110553	Closed	Small invoice	73650
IF-1509252	110565	Closed	Small invoice	14420
IF-1509331	110689	Closed	Medium invoice	262370
IF-1509355	110745	Closed	Partner	3500
IF-1509602	110939	Closed	Small invoice	50270
IF-1509787	111155	Closed	Partner	2400
IF-1509842	111251	Closed	Small invoice	27530
IF-1512957	111397	Closed	Medium invoice	123450
IF-1512976	111418	Closed	Small invoice	100
IF-1509986	111459	Closed	Small invoice	91030
IF-1512993	111507	Closed	Small invoice	10820
IF-1513001	111516	Closed	Small invoice	17500
IF-1510111	111613	Closed	Small invoice	6200
IF-1513021	111631	Closed	Partner	3980
IF-1510147	111673	Closed	Small invoice	50000
IF-1513039	111744	Closed	Small invoice	34100
IF-1510249	111788	Closed	Small invoice	41650
IF-1510308	111854	Closed	Partner	5800
IF-1510309	111855	Closed	Partner	900
IF-1510414	111939	Closed	Small invoice	63670
IF-1510474	112023	Closed	Small invoice	16200
IF-1510523	112099	Closed	Small invoice	1150
IF-1510567	112153	Closed	Small invoice	66000
IF-1510619	112252	Closed	Employee declaration	2400
IF-1513111	112332	Closed	Small invoice	23800
IF-1510714	112452	Closed	Small invoice	30000
IF-1510754	112497	Closed	Small invoice	14900
IF-1513164	112522	Closed	Partner	13160
IF-1513183	112542	Closed	Partner	2600
IF-1510772	112551	Closed	Small invoice	40670
IF-1510811	112613	Closed	Preferred supplier	15900
IF-1510963	112816	Closed	Small invoice	27460
IF-1510968	112821	Closed	Medium invoice	194230
IF-1510993	112848	Closed	Small invoice	87800
IF-1513231	112893	Closed	Small invoice	11180
IF-1511056	112939	Closed	Small invoice	10070
IF-1513233	112997	Closed	Small invoice	68420
IF-1513295	113146	Closed	Small invoice	73480
IF-1511183	113180	Closed	Small invoice	13530
IF-1511241	113279	Closed	Small invoice	80440
IF-1511263	113305	Closed	Small invoice	70100
IF-1511418	113553	Closed	Small invoice	13660
IF-1511436	113573	Closed	Small invoice	630
IF-1511456	113630	Closed	Small invoice	11800
IF-1511493	113673	Closed	Small invoice	3300
IF-1513416	113691	Closed	Preferred supplier	295020
IF-1513521	113934	Closed	Small invoice	32770
IF-1500071	113999	Closed	Small invoice	89200
IF-1500094	114023	Closed	Medium invoice	121380
IF-1500138	114085	Closed	Small invoice	22000
IF-1511895	114144	Closed	Small invoice	71900
IF-1511940	114222	Closed	High-level invoice	6086450
IF-1500195	114241	Closed	Medium invoice	282740
IF-1500271	114340	Closed	Small invoice	56220
IF-1500288	114358	Closed	Small invoice	44700
IF-1500398	114485	Closed	Small invoice	68900
IF-1500426	114516	Closed	Small invoice	36000
IF-1500472	114579	Closed	Small invoice	20880
IF-1500488	114595	Closed	Preferred supplier	1782840
IF-1500494	114603	Closed	Small invoice	27200
IF-1500515	114662	Closed	Small invoice	96170
IF-1512112	107203	Closed	Partner	16400
IF-1512125	107315	Closed	Small invoice	90440
IF-1506674	107349	Closed	Partner	5600
IF-1506691	107367	Closed	Small invoice	40030
IF-1506705	107381	Closed	Medium invoice	107210
IF-1512150	107458	Closed	Small invoice	7700
IF-1506734	107466	Closed	Small invoice	20200
IF-1506894	107706	Closed	Small invoice	42800
IF-1506926	107739	Closed	Small invoice	21200
IF-1506943	107762	Closed	Medium invoice	320110
IF-1512209	107864	Closed	Small invoice	5400
IF-1507080	107926	Closed	Small invoice	8500
IF-1507093	107941	Closed	Small invoice	53500
IF-1507118	107969	Closed	Medium invoice	181620
IF-1512236	108010	Closed	Small invoice	2100
IF-1507223	108157	Closed	Medium invoice	203240
IF-1507243	108176	Closed	Small invoice	15500
IF-1507261	108195	Closed	Small invoice	31140
IF-1507293	108273	Closed	Small invoice	19000
IF-1507436	108514	Closed	Small invoice	91630
IF-1507526	108649	Closed	Small invoice	12900
IF-1507566	108720	Closed	Small invoice	15910
IF-1512459	108793	Closed	Small invoice	42690
IF-1507754	108967	Closed	Partner	11420
IF-1508056	109211	Closed	Small invoice	3570
IF-1508127	109291	Closed	Small invoice	150
IF-1508192	109381	Closed	Small invoice	4200
IF-1512525	109471	Closed	Small invoice	39800
IF-1508282	109504	Closed	Small invoice	8100
IF-1508306	109538	Closed	Small invoice	4760
IF-1508326	109561	Closed	Partner	900
IF-1508381	109634	Closed	Medium invoice	189350
IF-1508397	109655	Closed	Small invoice	63500
IF-1508498	109692	Closed	Medium invoice	101080
IF-1512571	109697	Closed	Small invoice	26550
IF-1512635	109829	Closed	Small invoice	34200
IF-1508617	109873	Closed	Small invoice	71400
IF-1508731	110058	Closed	Small invoice	59500
IF-1508735	110064	Closed	Small invoice	36010
IF-1512708	110150	Closed	Small invoice	21420
IF-1508845	110186	Closed	Small invoice	20230
IF-1508885	110214	Closed	Partner	3200
IF-1509131	110388	Closed	Small invoice	250
IF-1509140	110401	Closed	Small invoice	55620
IF-1509187	110456	Closed	Medium invoice	131040
IF-1509218	110530	Closed	Small invoice	12250
IF-1500560	114778	Closed	Partner	1300
IF-1512066	114801	Closed	Small invoice	100
IF-1512081	114816	Closed	Small invoice	17850
IF-1500568	114827	Closed	Small invoice	7140
IF-1500635	114905	Closed	Small invoice	1100
IF-1500672	114947	Closed	Small invoice	57650
IF-1500748	115045	Closed	Small invoice	14850
IF-1500788	115099	Closed	Small invoice	30340
IF-1500863	115193	Closed	Medium invoice	227190
IF-1500913	115254	Closed	Preferred supplier	11590
IF-1500948	115290	Closed	Small invoice	15990
IF-1500949	115291	Closed	Small invoice	16730
IF-1500970	115316	Closed	Small invoice	38310
IF-1501070	115437	Closed	Small invoice	3800
IF-1501089	115478	Closed	Small invoice	46900
IF-1501155	115556	Closed	Small invoice	3300
IF-1501163	115564	Closed	Small invoice	1800
IF-1501212	115624	Closed	Small invoice	35930
IF-1501444	115885	Closed	Small invoice	80200
IF-1501545	115994	Closed	Small invoice	91830
IF-1501571	116024	Closed	Medium invoice	416730
IF-1501646	116109	Closed	Preferred supplier	202670
IF-1501705	116173	Closed	Small invoice	99070
IF-1501949	116458	Closed	Small invoice	24990
IF-1502104	116644	Closed	Small invoice	23200
IF-1502117	116659	Closed	Small invoice	8330
IF-1502242	116818	Closed	Small invoice	89250
IF-1502255	116832	Closed	Preferred supplier	128340
IF-1505593	116881	Closed	Small invoice	1300
IF-1502365	116983	Closed	Small invoice	94570
IF-1505617	117010	Closed	Small invoice	13090
IF-1502426	117090	Closed	Medium invoice	162070
IF-1505632	117139	Closed	Small invoice	13300
IF-1502468	117181	Closed	Small invoice	11440
IF-1505665	117265	Closed	Small invoice	15900
IF-1502540	117323	Closed	Small invoice	18590
IF-1502566	117349	Closed	Partner	1800
IF-1502590	117417	Closed	Small invoice	4760
IF-1502609	117442	Closed	Small invoice	10860
IF-1502617	117453	Closed	Small invoice	57700
IF-1502656	117513	Closed	Preferred supplier	93410
IF-1502665	117524	Closed	Partner	181530
IF-1502691	117580	Closed	Medium invoice	306030
IF-1502703	117596	Closed	Small invoice	2200
IF-1502766	117688	Closed	Small invoice	17850
IF-1502890	117879	Closed	Medium invoice	219060
IF-1502917	117939	Closed	Small invoice	15920
IF-1503004	118148	Closed	Small invoice	27100
IF-1503017	118186	Closed	Small invoice	1600
IF-1503035	118220	Closed	Medium invoice	205270
IF-1503109	118428	Closed	Partner	6000
IF-1503165	118590	Closed	Small invoice	12110
IF-1503179	118608	Closed	Small invoice	2300
IF-1505839	118632	Closed	Partner	8700
IF-1503239	118732	Closed	Small invoice	24490
IF-1503251	118745	Closed	Small invoice	11110
IF-1503269	118765	Closed	Small invoice	1300
IF-1503277	118819	Closed	Small invoice	44600
IF-1503302	118862	Closed	Small invoice	36000
IF-1506413	118972	Closed	Partner	26000
IF-1503368	119003	Closed	Small invoice	81300
IF-1511691	119025	Closed	Small invoice	1400
IF-1503410	119103	Closed	Small invoice	22110
IF-1503453	119187	Closed	Small invoice	32610
IF-1503631	119518	Closed	Small invoice	12650
IF-1508346	119561	Closed	Small invoice	68500
IF-1503737	119696	Closed	Small invoice	420
IF-1503789	119812	Closed	Small invoice	14030
IF-1508467	119828	Closed	Small invoice	14000
IF-1508480	119843	Closed	Small invoice	18830
IF-1505975	119871	Closed	Partner	5950
IF-1503819	119900	Closed	Small invoice	49980
IF-1508534	120012	Closed	Preferred supplier	34500
IF-1508544	120024	Closed	Medium invoice	198250
IF-1508599	120180	Closed	Medium invoice	817530
IF-1511759	120253	Closed	Small invoice	35700
IF-1504005	120289	Closed	Small invoice	6300
IF-1506048	120374	Closed	Partner	500
IF-1504080	120419	Closed	Small invoice	5800
IF-1504144	120519	Closed	Small invoice	25040
IF-1504161	120542	Closed	Small invoice	13400
IF-1508927	120607	Closed	Small invoice	91210
IF-1508958	120662	Closed	Small invoice	52100
IF-1508955	120659	Closed	Small invoice	64000
IF-1504229	120691	Closed	Small invoice	10570
IF-1504301	120827	Closed	Small invoice	43600
IF-1506087	121007	Closed	Small invoice	40400
IF-1506094	121095	Closed	Small invoice	21000
IF-1506118	121119	Closed	Small invoice	20600
IF-1506151	121230	Closed	Medium invoice	225550
IF-1504493	121238	Closed	Small invoice	14500
IF-1504579	121358	Closed	Small invoice	56000
IF-1504627	121450	Closed	Small invoice	56640
IF-1504729	121641	Closed	Partner	160560
IF-1509507	121680	Closed	Small invoice	89250
IF-1506174	121701	Closed	Small invoice	19200
IF-1504771	121759	Closed	Small invoice	550
IF-1504817	121890	Closed	Small invoice	46470
IF-1504845	121917	Closed	Partner	6100
IF-1504854	121926	Closed	Partner	43060
IF-1504926	122085	Closed	Medium invoice	131550
IF-1505004	122201	Closed	Small invoice	2320
IF-1505044	122248	Closed	Small invoice	32500
IF-1505046	122250	Closed	Small invoice	47600
IF-1509860	122293	Closed	Small invoice	16770
IF-1509938	122430	Closed	Small invoice	90440
IF-1509943	122435	Closed	Small invoice	49080
IF-1509945	122437	Closed	Small invoice	3800
IF-1505179	122471	Closed	Small invoice	2440
IF-1510001	122587	Closed	Small invoice	84100
IF-1505237	122602	Closed	Medium invoice	543930
IF-1506338	122688	Closed	Small invoice	32130
IF-1506346	122697	Closed	Small invoice	29700
IF-1505305	122732	Closed	Small invoice	18600
IF-1505333	122801	Closed	Small invoice	9490
IF-1506356	122812	Closed	Medium invoice	232640
IF-1505336	122827	Closed	Small invoice	36400
IF-1505354	122846	Closed	Small invoice	59500
IF-1505375	122869	Closed	Small invoice	47900
IF-1505395	122892	Closed	Small invoice	6300
IF-1505436	122960	Closed	Partner	500
IF-1505455	122984	Closed	Small invoice	900
IF-1510391	123140	Closed	Small invoice	25000
IF-1600237	123250	Closed	Small invoice	10900
IF-1600289	123379	Closed	Small invoice	30260
IF-1600294	123416	Closed	Partner	10900
IF-1600378	123589	Closed	Medium invoice	113050
IF-1600397	123660	Closed	Small invoice	20180
IF-1600440	123712	Closed	Preferred supplier	245010
IF-1602421	123745	Closed	High-level invoice	1065240
IF-1600468	123762	Closed	Medium invoice	543930
IF-1600563	123873	Closed	Small invoice	16240
IF-1609408	123907	Closed	Small invoice	9400
IF-1610013	123959	Closed	Small invoice	33800
IF-1600693	124135	Closed	Employee declaration	7800
IF-1609455	124168	Closed	Small invoice	92800
IF-1600825	124494	Closed	Employee declaration	9400
IF-1609537	124526	Closed	Small invoice	28600
IF-1600895	124689	Closed	Small invoice	10400
IF-1609563	124726	Closed	Small invoice	14500
IF-1602585	124794	Closed	Small invoice	93830
IF-1600953	124840	Closed	Small invoice	11170
IF-1600989	124965	Closed	Small invoice	14320
IF-1601090	125119	Closed	Partner	300
IF-1602649	125133	Closed	Partner	2100
IF-1601151	125209	Closed	Medium invoice	163860
IF-1602663	125244	Closed	Small invoice	29500
IF-1601226	125320	Closed	Small invoice	60000
IF-1609602	125356	Closed	Small invoice	24100
IF-1601290	125427	Closed	Small invoice	44900
IF-1601304	125441	Closed	Small invoice	39400
IF-1602676	125482	Closed	Small invoice	11200
IF-1602321	125532	Closed	Employee declaration	200
IF-1602712	125718	Closed	Small invoice	4800
IF-1602734	125821	Closed	Small invoice	95290
IF-1601480	125877	Closed	Small invoice	4200
IF-1601501	125899	Closed	Medium invoice	372160
IF-1602757	125926	Closed	Medium invoice	135660
IF-1602775	125949	Closed	Small invoice	36550
IF-1601548	126030	Closed	Small invoice	1000
IF-1601557	126093	Closed	High-level invoice	1282820
IF-1601580	126134	Closed	Small invoice	5100
IF-1601694	126301	Closed	Preferred supplier	274480
IF-1609781	126399	Closed	Small invoice	41610
IF-1601771	126419	Closed	Small invoice	2440
IF-1601824	126478	Closed	Small invoice	12490
IF-1601827	126481	Closed	Small invoice	10510
IF-1602859	126509	Closed	Small invoice	63300
IF-1609795	126532	Closed	Small invoice	43600
IF-1601857	126575	Closed	Small invoice	87700
IF-1601891	126614	Closed	Small invoice	2000
IF-1600012	126642	Closed	Small invoice	12390
IF-1602909	126753	Closed	Medium invoice	104720
IF-1609854	126846	Closed	Small invoice	400
IF-1609856	126848	Closed	Small invoice	2300
IF-1601992	126886	Closed	Medium invoice	221570
IF-1602053	126956	Closed	Small invoice	30220
IF-1602092	127020	Closed	Small invoice	75300
IF-1602094	127022	Closed	Small invoice	7800
IF-1602185	127165	Open	Small invoice	65000
IF-1602237	127242	Closed	Small invoice	20200
IF-1610121	127350	Closed	Employee declaration	16210
IF-1600035	127466	Closed	Small invoice	34000
IF-1600069	127693	Closed	Small invoice	24710
IF-1603154	127781	Closed	Medium invoice	120750
IF-1603202	127852	Closed	Small invoice	23500
IF-1603235	127889	Closed	Small invoice	15450
IF-1603324	127994	Closed	Small invoice	40600
IF-1603357	128056	Closed	Preferred supplier	29640
IF-1603362	128061	Closed	Preferred supplier	251990
IF-1603424	128130	Closed	Small invoice	6300
IF-1603461	128201	Closed	Partner	25200
IF-1603480	128221	Closed	Preferred supplier	140420
IF-1610174	128259	Closed	Small invoice	6200
IF-1603553	128351	Closed	Preferred supplier	24900
IF-1600145	128377	Closed	Preferred supplier	152320
IF-1603576	128415	Closed	Small invoice	23500
IF-1600161	128463	Closed	Medium invoice	157450
IF-1600166	128468	Closed	Small invoice	69050
IF-1603626	128493	Closed	Small invoice	43600
IF-1610911	128512	Closed	Small invoice	10940
IF-1610892	128540	Closed	Small invoice	14310
IF-1609366	128554	Closed	Small invoice	22630
IF-1603659	128574	Closed	Small invoice	14180
IF-1603712	128629	Closed	Small invoice	69300
IF-1603766	128720	Closed	Small invoice	33320
IF-1603843	128814	Closed	Small invoice	51470
IF-1603892	128872	Closed	Employee declaration	1300
IF-1603943	128934	Closed	Small invoice	36800
IF-1603982	128984	Closed	Small invoice	1990
IF-1603997	129000	Closed	Small invoice	7500
IF-1604000	129003	Closed	Small invoice	5100
IF-1604133	129151	Closed	Small invoice	49680
IF-1604145	129164	Closed	Small invoice	26400
IF-1604154	129174	Closed	Small invoice	11300
IF-1604215	129248	Closed	Preferred supplier	260550
IF-1604227	129265	Closed	Small invoice	92900
IF-1604252	129292	Closed	Small invoice	78540
IF-1604267	129310	Closed	Small invoice	85910
IF-1604288	129332	Open	Small invoice	23800
IF-1604310	129356	Closed	Medium invoice	746840
IF-1604361	129418	Closed	Small invoice	17900
IF-1604442	129528	Closed	Small invoice	16360
IF-1604517	129613	Closed	Small invoice	14770
IF-1604548	129649	Closed	Medium invoice	180880
IF-1604570	129678	Closed	Medium invoice	120420
IF-1604668	129789	Closed	Small invoice	26780
IF-1604817	129972	Closed	Small invoice	50090
IF-1604892	130060	Closed	Small invoice	54310
IF-1604935	130109	Closed	Small invoice	8000
IF-1604950	130127	Closed	Partner	32700
IF-1605027	130214	Closed	Small invoice	45400
IF-1605065	130260	Closed	Preferred supplier	2700
IF-1605093	130289	Closed	Medium invoice	172150
IF-1605119	130340	Closed	Small invoice	5300
IF-1605314	130567	Closed	Small invoice	31700
IF-1605362	130621	Closed	Medium invoice	182220
IF-1605409	130670	Closed	Small invoice	80930
IF-1605460	130721	Closed	Small invoice	21800
IF-1605482	130755	Closed	Small invoice	77700
IF-1605549	130833	Closed	Preferred supplier	41010
IF-1605612	130904	Closed	Small invoice	45300
IF-1605693	131000	Closed	Small invoice	82370
IF-1605721	131034	Closed	Medium invoice	131420
IF-1605686	131083	Closed	Small invoice	20000
IF-1605858	131186	Closed	Small invoice	12620
IF-1605928	131264	Closed	Small invoice	64070
IF-1605939	131276	Closed	Medium invoice	151340
IF-1606119	131477	Closed	Small invoice	1000
IF-1606135	131493	Closed	Small invoice	94800
IF-1606163	131523	Closed	Small invoice	280
IF-1606182	131545	Closed	Small invoice	15170
IF-1606197	131563	Closed	Small invoice	72500
IF-1606285	131670	Closed	Medium invoice	168680
IF-1606286	131671	Closed	Small invoice	10110
IF-1606343	131743	Closed	Medium invoice	288450
IF-1606414	131823	Closed	Small invoice	57300
IF-1606554	131980	Closed	Small invoice	23550
IF-1606662	132114	Closed	Medium invoice	169570
IF-1606796	132274	Closed	Small invoice	82100
IF-1606880	132373	Closed	Small invoice	29200
IF-1606941	132445	Closed	Small invoice	23700
IF-1606963	132469	Closed	Small invoice	35300
IF-1607002	132510	Closed	Small invoice	100
IF-1607012	132521	Closed	Partner	2600
IF-1607058	132571	Closed	Small invoice	46410
IF-1607079	132607	Closed	Small invoice	11840
IF-1607174	132750	Closed	Small invoice	61100
IF-1607211	132796	Closed	Preferred supplier	37000
IF-1607262	132850	Closed	Small invoice	44600
IF-1607280	132874	Closed	Small invoice	39300
IF-1607289	132883	Closed	Medium invoice	330210
IF-1607320	132925	Closed	Small invoice	11480
IF-1610242	132941	Closed	Small invoice	97900
IF-1607371	133014	Closed	Small invoice	14330
IF-1607419	133112	Closed	Small invoice	41300
IF-1607442	133137	Closed	Partner	15560
IF-1607452	133147	Closed	Partner	17060
IF-1610294	133174	Closed	Partner	14070
IF-1607577	133297	Closed	Small invoice	30000
IF-1610306	133398	Closed	Small invoice	64000
IF-1607671	133431	Closed	Small invoice	370
IF-1607705	133478	Closed	Small invoice	18000
IF-1610334	133549	Closed	Small invoice	10920
IF-1607820	133644	Closed	High-level invoice	3928420
IF-1607834	133694	Closed	Preferred supplier	117360
IF-1607866	133734	Closed	Medium invoice	297010
IF-1607921	133851	Closed	Preferred supplier	217190
IF-1607945	133881	Closed	Small invoice	1200
IF-1607955	133945	Closed	Medium invoice	196350
IF-1607998	133993	Closed	Small invoice	28950
IF-1608031	134070	Closed	Small invoice	17850
IF-1608156	134238	Closed	Small invoice	11000
IF-1608173	134260	Closed	Partner	1700
IF-1610487	134423	Closed	Small invoice	48100
IF-1610510	134538	Closed	Medium invoice	202160
IF-1610515	134546	Closed	Small invoice	54100
IF-1608394	134606	Closed	Small invoice	46200
IF-1610535	134645	Closed	Small invoice	1400
IF-1610588	134775	Closed	Small invoice	6300
IF-1610612	134810	Closed	Employee declaration	6500
IF-1608495	134828	Closed	Small invoice	39250
IF-1610627	134900	Closed	Small invoice	52300
IF-1610639	134923	Closed	Small invoice	76920
IF-1608562	134947	Closed	Small invoice	3600
IF-1608638	135092	Closed	Medium invoice	182220
IF-1608663	135119	Closed	Small invoice	22630
IF-1608733	135195	Closed	Small invoice	21800
IF-1608736	135198	Closed	Small invoice	10930
IF-1608752	135216	Closed	Small invoice	42180
IF-1608763	135228	Closed	Small invoice	11590
IF-1608784	135251	Closed	Partner	108590
IF-1610672	135270	Closed	Preferred supplier	75900
IF-1608827	135348	Closed	Small invoice	66640
IF-1608871	135459	Closed	Small invoice	7200
IF-1608917	135566	Closed	Small invoice	11900
IF-1610754	135662	Closed	Preferred supplier	1550
IF-1610801	135810	Closed	Small invoice	11630
IF-1608998	135915	Closed	Partner	4700
IF-1609036	135976	Closed	Small invoice	10580
IF-1610815	136018	Closed	Small invoice	40200
IF-1609110	136162	Closed	Small invoice	31970
IF-1610850	136217	Closed	Small invoice	29630
IF-1509231	110541	Closed	Medium invoice	156230
IF-1509907	111346	Closed	Small invoice	17930
IF-1510154	111683	Closed	Small invoice	2500
IF-1510210	111755	Closed	Small invoice	3450
IF-1510211	111756	Closed	Small invoice	10300
IF-1510212	111757	Closed	Small invoice	1800
IF-1511842	112189	Closed	Medium invoice	222530
IF-1511843	112190	Closed	Medium invoice	133870
IF-1510750	112493	Closed	Small invoice	10900
IF-1510751	112494	Closed	Small invoice	20800
IF-1510800	112601	Closed	Small invoice	19000
IF-1510888	112730	Closed	Medium invoice	155720
IF-1513289	113139	Closed	Small invoice	63660
IF-1511215	113215	Closed	Medium invoice	534190
IF-1511589	113847	Closed	Small invoice	23260
IF-1500120	114065	Closed	Small invoice	4450
IF-1500121	114066	Closed	Medium invoice	257040
IF-1500282	114351	Closed	Small invoice	48400
IF-1500283	114352	Closed	Small invoice	36600
IF-1500284	114354	Closed	Small invoice	38860
IF-1506510	107156	Closed	Small invoice	150
IF-1506511	107157	Closed	Small invoice	82700
IF-1506919	107732	Closed	Small invoice	14000
IF-1506920	107733	Closed	Small invoice	14000
IF-1506921	107734	Closed	Partner	32160
IF-1506922	107735	Closed	Small invoice	22500
IF-1507444	108523	Closed	Small invoice	32480
IF-1507445	108524	Closed	Small invoice	5600
IF-1512414	108583	Closed	Small invoice	21300
IF-1512504	109226	Closed	Small invoice	9700
IF-1508241	109433	Closed	Small invoice	14830
IF-1508242	109435	Closed	Small invoice	10950
IF-1508299	109530	Closed	Partner	17700
IF-1509073	110321	Closed	Partner	19700
IF-1500655	114929	Closed	Medium invoice	367260
IF-1500743	115040	Closed	Small invoice	3800
IF-1500744	115041	Closed	Small invoice	6700
IF-1500745	115042	Closed	Small invoice	16000
IF-1500746	115043	Closed	Medium invoice	126850
IF-1500885	115219	Closed	Small invoice	10000
IF-1500886	115220	Closed	Small invoice	2320
IF-1500887	115222	Closed	Small invoice	270
IF-1501260	115675	Closed	Medium invoice	660450
IF-1501547	115996	Closed	High-level invoice	1670960
IF-1501608	116068	Closed	Small invoice	25900
IF-1501633	116094	Closed	Small invoice	20200
IF-1502358	116975	Closed	Small invoice	31400
IF-1505770	118296	Closed	Small invoice	16300
IF-1503135	118559	Closed	Small invoice	9500
IF-1503136	118560	Closed	Small invoice	22000
IF-1503137	118561	Closed	Small invoice	19770
IF-1503138	118562	Closed	Preferred supplier	27440
IF-1503139	118563	Closed	Small invoice	10100
IF-1503140	118564	Closed	Small invoice	10100
IF-1504808	121879	Closed	Small invoice	17440
IF-1505216	122519	Closed	Small invoice	24540
IF-1510006	122595	Closed	Small invoice	26830
IF-1505331	122799	Closed	Medium invoice	257840
IF-1506351	122806	Closed	Small invoice	12690
IF-1506353	122808	Closed	Small invoice	9460
IF-1505433	122957	Closed	Small invoice	400
IF-1505482	123011	Closed	Small invoice	23200
IF-1600233	123246	Closed	Small invoice	59500
IF-1600234	123247	Closed	Small invoice	21000
IF-1600235	123248	Closed	Small invoice	15500
IF-1600236	123249	Closed	Small invoice	5400
IF-1610002	123525	Closed	Small invoice	11150
IF-1610003	123526	Closed	Small invoice	15320
IF-1602358	123527	Closed	Medium invoice	112710
IF-1602359	123528	Closed	Small invoice	90910
IF-1602360	123529	Closed	Medium invoice	167990
IF-1602361	123530	Closed	Small invoice	27800
IF-1602362	123531	Closed	Small invoice	18900
IF-1602363	123532	Closed	Small invoice	36600
IF-1602364	123533	Closed	Medium invoice	155820
IF-1600699	124146	Closed	Small invoice	54320
IF-1609451	124163	Closed	Medium invoice	189920
IF-1601848	126503	Closed	Small invoice	12250
IF-1601936	126793	Closed	Small invoice	86900
IF-1600080	127793	Closed	Small invoice	22300
IF-1603878	128856	Closed	Small invoice	13640
IF-1603918	128903	Closed	Medium invoice	152790
IF-1604245	129285	Closed	Small invoice	23880
IF-1604529	129626	Closed	Small invoice	17500
IF-1604526	129622	Closed	Small invoice	150
IF-1605144	130377	Closed	Small invoice	89900
IF-1605145	130378	Closed	Small invoice	10280
IF-1605146	130379	Closed	Small invoice	26000
IF-1605147	130380	Closed	Small invoice	36400
IF-1605148	130381	Closed	Small invoice	29900
IF-1605245	130492	Closed	Partner	9200
IF-1605246	130493	Closed	Partner	215590
IF-1605247	130494	Closed	Partner	7400
IF-1605248	130495	Closed	Partner	400
IF-1605249	130496	Closed	Partner	80770
IF-1605250	130497	Closed	Partner	20210
IF-1606777	132254	Closed	Medium invoice	147260
IF-1606912	132408	Closed	Small invoice	14900
IF-1606913	132409	Closed	Small invoice	78000
IF-1606914	132410	Closed	Small invoice	9700
IF-1607401	133094	Closed	Small invoice	7700
IF-1608075	134122	Closed	Small invoice	46410
IF-1608497	134830	Closed	Small invoice	10200
IF-1608771	135236	Closed	Medium invoice	133520
IF-1609010	135934	Closed	Small invoice	6600
IF-1507979	109144	Closed	Partner	57030
IF-1608499	134832	Closed	Small invoice	4800
IF-1509221	110533	Closed	Small invoice	1940
IF-1509222	110534	Closed	Small invoice	9490
IF-1509223	110535	Closed	Medium invoice	121880
IF-1509225	110536	Closed	Medium invoice	636360
IF-1509226	110537	Closed	Medium invoice	155760
IF-1509227	110538	Closed	Medium invoice	172560
IF-1509228	110539	Closed	Medium invoice	170820
IF-1509230	110540	Closed	Small invoice	10010
IF-1509232	110542	Closed	Small invoice	57470
IF-1509233	110543	Closed	Medium invoice	239480
IF-1512760	110544	Closed	Small invoice	3540
IF-1509234	110545	Open	Small invoice	47500
IF-1509235	110546	Closed	Small invoice	3300
IF-1509236	110547	Closed	Small invoice	13720
IF-1509237	110548	Closed	Medium invoice	154540
IF-1509238	110549	Closed	Medium invoice	172550
IF-1509239	110550	Closed	Small invoice	19100
IF-1509240	110551	Closed	Medium invoice	815930
IF-1509241	110552	Closed	Small invoice	31700
IF-1509243	110554	Closed	Medium invoice	120880
IF-1509244	110555	Closed	Small invoice	67590
IF-1509245	110556	Closed	Medium invoice	109480
IF-1509246	110558	Closed	Small invoice	26200
IF-1509247	110559	Closed	Small invoice	60370
IF-1509248	110561	Closed	High-level invoice	1437390
IF-1509249	110562	Closed	Small invoice	29700
IF-1509250	110563	Closed	Medium invoice	131660
IF-1509251	110564	Closed	Small invoice	23760
IF-1509254	110566	Closed	Medium invoice	172660
IF-1509255	110567	Closed	Small invoice	50200
IF-1509256	110568	Closed	Small invoice	47500
IF-1509257	110569	Closed	Small invoice	59470
IF-1509258	110570	Closed	Small invoice	44900
IF-1509259	110571	Closed	Small invoice	5200
IF-1509260	110572	Open	Medium invoice	262370
IF-1509261	110574	Closed	High-level invoice	1852920
IF-1509262	110575	Closed	Small invoice	3530
IF-1509263	110576	Closed	Medium invoice	451830
IF-1509264	110577	Closed	Small invoice	32100
IF-1509265	110578	Closed	Small invoice	75310
IF-1509266	110579	Closed	Medium invoice	312370
IF-1509267	110581	Closed	Small invoice	26100
IF-1509268	110582	Closed	Small invoice	29150
IF-1509269	110583	Closed	Medium invoice	353910
IF-1509273	110584	Closed	Small invoice	58040
IF-1509274	110585	Closed	Medium invoice	286290
IF-1509275	110586	Closed	Small invoice	12640
IF-1509276	110587	Closed	Medium invoice	258580
IF-1509277	110588	Closed	Partner	4690
IF-1509278	110589	Closed	Medium invoice	202890
IF-1512761	110590	Closed	Medium invoice	306280
IF-1512762	110591	Closed	Preferred supplier	44100
IF-1512763	110592	Closed	Preferred supplier	21770
IF-1512764	110593	Closed	Preferred supplier	12070
IF-1512765	110594	Closed	Preferred supplier	492310
IF-1512766	110595	Closed	Small invoice	26300
IF-1512767	110596	Closed	Medium invoice	578010
IF-1512768	110597	Closed	Small invoice	24840
IF-1512769	110598	Closed	Small invoice	9660
IF-1512770	110599	Closed	Small invoice	22440
IF-1512771	110600	Closed	Small invoice	57960
IF-1512772	110601	Closed	Small invoice	72450
IF-1512773	110602	Closed	Small invoice	39000
IF-1512774	110603	Closed	Preferred supplier	28100
IF-1512775	110604	Closed	Preferred supplier	35700
IF-1512776	110605	Closed	Preferred supplier	32900
IF-1512777	110606	Closed	Preferred supplier	2000
IF-1512778	110607	Closed	Preferred supplier	12460
IF-1512779	110608	Closed	Preferred supplier	10440
IF-1512780	110609	Closed	Preferred supplier	16000
IF-1512781	110611	Closed	Small invoice	42900
IF-1512782	110612	Closed	Small invoice	27400
IF-1512783	110613	Closed	Small invoice	61390
IF-1512784	110614	Closed	Small invoice	25140
IF-1509224	110615	Closed	Employee declaration	50000
IF-1512785	110616	Closed	Employee declaration	7900
IF-1512786	110617	Closed	Employee declaration	37000
IF-1512787	110618	Closed	Employee declaration	4700
IF-1512788	110619	Closed	Employee declaration	8500
IF-1512789	110620	Closed	Employee declaration	7500
IF-1512790	110621	Closed	Employee declaration	3000
IF-1512791	110622	Closed	Employee declaration	7700
IF-1512792	110623	Closed	Employee declaration	1100
IF-1512793	110624	Closed	Employee declaration	5500
IF-1512794	110625	Closed	Employee declaration	1000
IF-1512795	110626	Closed	Employee declaration	21400
IF-1512796	110627	Closed	Employee declaration	4400
IF-1512797	110628	Closed	Employee declaration	37000
IF-1512798	110629	Closed	Employee declaration	1200
IF-1512799	110630	Closed	Small invoice	51100
IF-1512800	110631	Closed	Small invoice	56970
IF-1512801	110632	Closed	Small invoice	56520
IF-1512802	110633	Closed	Small invoice	60020
IF-1509279	110634	Closed	Medium invoice	370030
IF-1509280	110635	Closed	Medium invoice	125420
IF-1509281	110636	Closed	Small invoice	38080
IF-1509282	110637	Closed	Medium invoice	230560
IF-1509283	110638	Closed	Small invoice	6330
IF-1509284	110639	Closed	Small invoice	15160
IF-1509285	110640	Closed	Medium invoice	102810
IF-1509286	110641	Closed	Small invoice	44300
IF-1509287	110642	Open	Small invoice	10700
IF-1509288	110643	Closed	Small invoice	18210
IF-1509289	110644	Open	Medium invoice	943730
IF-1509290	110645	Closed	Medium invoice	375870
IF-1509291	110646	Closed	Medium invoice	994840
IF-1509292	110647	Closed	Medium invoice	230380
IF-1509293	110648	Closed	Small invoice	14690
IF-1509294	110649	Closed	Small invoice	95140
IF-1509295	110650	Closed	Medium invoice	196460
IF-1509296	110651	Closed	Small invoice	42110
IF-1509297	110652	Closed	Partner	191180
IF-1509298	110653	Closed	Medium invoice	199280
IF-1509299	110654	Open	Small invoice	11100
IF-1509300	110655	Closed	Partner	22200
IF-1509301	110656	Closed	Small invoice	18450
IF-1509302	110657	Closed	Medium invoice	419240
IF-1509303	110658	Closed	Small invoice	4500
IF-1509304	110659	Closed	Preferred supplier	19200
IF-1509305	110660	Closed	Small invoice	71800
IF-1509306	110661	Closed	Small invoice	14070
IF-1509307	110662	Closed	Small invoice	50600
IF-1509308	110663	Closed	Small invoice	32700
IF-1509309	110664	Closed	Small invoice	24410
IF-1509310	110665	Closed	Small invoice	5950
IF-1509311	110666	Closed	Small invoice	50000
IF-1509312	110667	Closed	Small invoice	36800
IF-1509313	110668	Closed	Small invoice	16700
IF-1509314	110669	Closed	Small invoice	6700
IF-1511632	110670	Closed	Small invoice	17000
IF-1509315	110671	Closed	Small invoice	23700
IF-1509229	110672	Closed	Small invoice	99200
IF-1509316	110673	Closed	Small invoice	14000
IF-1509317	110674	Closed	Small invoice	11400
IF-1509318	110675	Closed	Small invoice	15200
IF-1509319	110676	Closed	Small invoice	15060
IF-1509320	110677	Closed	Small invoice	37500
IF-1509321	110679	Closed	Small invoice	92200
IF-1509322	110680	Closed	Small invoice	150
IF-1509323	110681	Closed	Small invoice	35900
IF-1509324	110682	Closed	Small invoice	1900
IF-1509325	110683	Closed	Small invoice	40400
IF-1509326	110684	Closed	Small invoice	65000
IF-1509327	110685	Closed	Small invoice	24050
IF-1509328	110686	Closed	Small invoice	24210
IF-1509329	110687	Closed	Small invoice	15160
IF-1509330	110688	Closed	Small invoice	15160
IF-1509332	110690	Closed	Partner	22770
IF-1509333	110691	Closed	Partner	1064010
IF-1509334	110692	Closed	Partner	6680550
IF-1512803	110693	Closed	Small invoice	9300
IF-1512804	110694	Closed	Preferred supplier	1600
IF-1512805	110695	Closed	Preferred supplier	300
IF-1512806	110696	Closed	Preferred supplier	17940
IF-1512807	110697	Closed	Preferred supplier	190040
IF-1512808	110698	Closed	Preferred supplier	34770
IF-1512809	110699	Closed	Preferred supplier	1520
IF-1512810	110700	Closed	Small invoice	18240
IF-1512811	110701	Closed	Small invoice	59300
IF-1512812	110702	Closed	Small invoice	13400
IF-1512813	110703	Closed	Small invoice	3400
IF-1512814	110704	Closed	Small invoice	3800
IF-1512815	110705	Closed	Small invoice	19580
IF-1512816	110706	Closed	Small invoice	4000
IF-1512817	110707	Closed	Small invoice	1070
IF-1512818	110708	Closed	Small invoice	14500
IF-1512819	110709	Closed	Small invoice	5300
IF-1512820	110710	Closed	Small invoice	1700
IF-1512821	110711	Closed	Small invoice	7790
IF-1512822	110713	Closed	Small invoice	4100
IF-1512823	110714	Closed	Small invoice	11110
IF-1512824	110715	Closed	Small invoice	55800
IF-1512825	110716	Closed	Small invoice	10920
IF-1512826	110717	Closed	Small invoice	55600
IF-1512827	110718	Closed	Small invoice	44170
IF-1512828	110719	Closed	Medium invoice	393870
IF-1512829	110720	Closed	Small invoice	2380
IF-1512830	110721	Closed	Small invoice	53310
IF-1512831	110722	Closed	Small invoice	57710
IF-1509335	110723	Closed	Small invoice	71700
IF-1509336	110724	Closed	Small invoice	11100
IF-1509337	110725	Closed	Small invoice	45510
IF-1509338	110726	Closed	Medium invoice	133510
IF-1509339	110727	Closed	Medium invoice	122470
IF-1509340	110728	Closed	Medium invoice	149160
IF-1509341	110729	Closed	Small invoice	50500
IF-1509342	110730	Closed	Small invoice	19620
IF-1509343	110731	Closed	Small invoice	96080
IF-1509344	110733	Closed	Small invoice	19120
IF-1509345	110734	Closed	Employee declaration	12500
IF-1509346	110735	Closed	Employee declaration	10000
IF-1509347	110736	Closed	Employee declaration	11800
IF-1509348	110737	Closed	Employee declaration	7100
IF-1509349	110738	Closed	Employee declaration	13600
IF-1509350	110740	Closed	Small invoice	1100
IF-1509351	110741	Closed	Small invoice	74300
IF-1509352	110742	Closed	Preferred supplier	464810
IF-1509353	110743	Closed	Small invoice	51760
IF-1509354	110744	Closed	Partner	8100
IF-1509375	110746	Closed	Partner	300
IF-1509424	110796	Closed	Small invoice	17300
IF-1509376	110747	Closed	Small invoice	91630
IF-1509377	110748	Closed	Small invoice	2500
IF-1509378	110749	Closed	Small invoice	4500
IF-1509379	110750	Closed	Small invoice	2200
IF-1509380	110751	Closed	Small invoice	11780
IF-1509381	110752	Closed	Small invoice	18800
IF-1509382	110753	Closed	Small invoice	31800
IF-1509383	110754	Closed	Small invoice	67000
IF-1509384	110755	Closed	Small invoice	10170
IF-1509385	110756	Closed	Small invoice	1900
IF-1509386	110757	Closed	Small invoice	8000
IF-1509387	110758	Closed	Small invoice	1390
IF-1509388	110759	Closed	Small invoice	16000
IF-1509389	110760	Closed	Small invoice	10500
IF-1509390	110761	Closed	Small invoice	13380
IF-1509391	110762	Closed	Medium invoice	168830
IF-1509392	110763	Closed	Small invoice	9400
IF-1509393	110764	Closed	Small invoice	8300
IF-1509394	110765	Closed	Small invoice	67280
IF-1509395	110766	Closed	Small invoice	16540
IF-1509396	110767	Closed	Small invoice	16540
IF-1509397	110768	Closed	Small invoice	1350
IF-1509398	110770	Closed	Small invoice	24660
IF-1509399	110771	Closed	Medium invoice	604990
IF-1509400	110772	Closed	Small invoice	21000
IF-1509401	110773	Closed	Medium invoice	127330
IF-1509402	110774	Closed	Medium invoice	186590
IF-1509403	110775	Closed	Small invoice	34980
IF-1509404	110776	Closed	Medium invoice	246330
IF-1509405	110777	Closed	Small invoice	29700
IF-1509406	110778	Closed	Small invoice	21420
IF-1509407	110779	Closed	Medium invoice	209440
IF-1509408	110780	Closed	Small invoice	2000
IF-1509409	110781	Closed	Small invoice	12310
IF-1509410	110782	Closed	Medium invoice	170690
IF-1509411	110783	Closed	Small invoice	11150
IF-1509412	110784	Closed	Small invoice	78730
IF-1509413	110785	Closed	Medium invoice	119590
IF-1509414	110786	Closed	Medium invoice	164440
IF-1509415	110787	Closed	Small invoice	38370
IF-1509416	110788	Closed	Medium invoice	330880
IF-1509417	110789	Closed	Small invoice	26180
IF-1509418	110790	Closed	Medium invoice	117810
IF-1509419	110791	Closed	Medium invoice	274890
IF-1509420	110792	Closed	Small invoice	5890
IF-1509421	110793	Closed	Medium invoice	655120
IF-1509422	110794	Closed	Small invoice	73380
IF-1509423	110795	Closed	Small invoice	1800
IF-1512832	110797	Closed	Medium invoice	142010
IF-1512833	110798	Closed	Small invoice	95500
IF-1512834	110799	Closed	Small invoice	45330
IF-1512835	110800	Closed	Medium invoice	157670
IF-1512836	110801	Closed	Small invoice	58000
IF-1512837	110802	Closed	Small invoice	80170
IF-1512838	110803	Closed	Small invoice	73950
IF-1512839	110804	Closed	Medium invoice	516550
IF-1509425	110815	Closed	Small invoice	13720
IF-1512840	110805	Closed	Partner	70850
IF-1512841	110806	Closed	Small invoice	18440
IF-1512842	110807	Closed	Small invoice	66000
IF-1512843	110809	Closed	Small invoice	38400
IF-1512844	110810	Closed	Small invoice	46430
IF-1512845	110811	Closed	Small invoice	26990
IF-1512846	110812	Closed	Small invoice	5300
IF-1512847	110813	Closed	Small invoice	16300
IF-1512848	110814	Closed	Small invoice	34900
IF-1509426	110816	Closed	Small invoice	3800
IF-1509427	110817	Closed	Small invoice	3200
IF-1509428	110818	Closed	Medium invoice	199020
IF-1509429	110819	Closed	Small invoice	67800
IF-1512849	110820	Closed	Small invoice	900
IF-1509464	110822	Closed	Small invoice	48100
IF-1509465	110823	Closed	Small invoice	34500
IF-1509466	110824	Closed	Small invoice	10400
IF-1509467	110825	Closed	Small invoice	20600
IF-1509468	110826	Closed	Small invoice	3400
IF-1509469	110827	Closed	Small invoice	15100
IF-1509470	110828	Closed	Small invoice	17800
IF-1509471	110829	Closed	Small invoice	4200
IF-1509472	110830	Closed	Small invoice	4600
IF-1509473	110831	Closed	Small invoice	12120
IF-1509474	110832	Closed	Small invoice	270
IF-1509475	110833	Closed	Small invoice	36800
IF-1509476	110834	Closed	Small invoice	52100
IF-1509477	110835	Closed	Small invoice	8400
IF-1509478	110836	Closed	Small invoice	72000
IF-1509479	110837	Closed	Small invoice	35120
IF-1509480	110838	Closed	Small invoice	10300
IF-1509481	110839	Closed	Small invoice	2500
IF-1509482	110841	Closed	Small invoice	29700
IF-1509483	110842	Closed	Small invoice	90100
IF-1509484	110844	Closed	Small invoice	6300
IF-1509485	110845	Closed	Small invoice	26400
IF-1509486	110846	Closed	Small invoice	2570
IF-1509487	110848	Closed	Small invoice	40880
IF-1509488	110849	Closed	Small invoice	8100
IF-1509528	110850	Closed	Small invoice	64490
IF-1509529	110854	Closed	Small invoice	12820
IF-1509530	110855	Closed	Small invoice	1000
IF-1509531	110856	Closed	Preferred supplier	15050
IF-1509532	110857	Closed	Small invoice	67400
IF-1509533	110858	Closed	Small invoice	23900
IF-1509534	110859	Closed	Medium invoice	110070
IF-1509535	110860	Closed	Small invoice	7800
IF-1509536	110861	Closed	Small invoice	45000
IF-1509559	110862	Closed	Small invoice	12800
IF-1509560	110863	Closed	Medium invoice	166070
IF-1509561	110864	Closed	Small invoice	7000
IF-1509562	110865	Closed	Medium invoice	152320
IF-1509563	110867	Closed	Medium invoice	235620
IF-1509564	110872	Closed	Small invoice	86010
IF-1509565	110873	Closed	Small invoice	56940
IF-1509566	110874	Closed	Small invoice	54700
IF-1509567	110875	Closed	Small invoice	12290
IF-1509568	110876	Closed	Small invoice	10300
IF-1509569	110877	Closed	Small invoice	19670
IF-1509570	110878	Closed	Small invoice	10200
IF-1509571	110879	Closed	Small invoice	98500
IF-1509572	110880	Closed	High-level invoice	3080230
IF-1509573	110881	Closed	Small invoice	19990
IF-1509574	110882	Closed	Small invoice	98100
IF-1509575	110883	Closed	Medium invoice	187970
IF-1509576	110884	Closed	Small invoice	58700
IF-1509577	110885	Closed	Small invoice	59500
IF-1509578	110886	Closed	Small invoice	25580
IF-1509579	110888	Closed	Small invoice	10700
IF-1509580	110889	Closed	Small invoice	10700
IF-1509581	110891	Closed	Small invoice	54530
IF-1509582	110892	Closed	Small invoice	17280
IF-1509583	110893	Closed	Small invoice	2800
IF-1509584	110894	Closed	Small invoice	39600
IF-1509585	110895	Closed	Small invoice	71000
IF-1509586	110896	Closed	Small invoice	13000
IF-1509587	110897	Closed	Small invoice	18000
IF-1509588	110898	Closed	Small invoice	1000
IF-1509589	110899	Closed	Small invoice	38500
IF-1509590	110900	Closed	Small invoice	30360
IF-1509591	110901	Closed	Small invoice	26070
IF-1509592	110903	Closed	Partner	300760
IF-1509593	110904	Closed	Small invoice	2700
IF-1509594	110905	Closed	Small invoice	16030
IF-1509595	110906	Closed	Small invoice	47600
IF-1509596	110907	Closed	Small invoice	14300
IF-1509597	110908	Closed	Medium invoice	155770
IF-1509598	110909	Closed	Small invoice	62920
IF-1509599	110910	Closed	Small invoice	5400
IF-1509600	110911	Closed	Small invoice	21100
IF-1509601	110912	Closed	Small invoice	20000
IF-1512850	110921	Closed	Small invoice	43190
IF-1512851	110922	Closed	Small invoice	13600
IF-1512852	110930	Closed	Small invoice	13770
IF-1512853	110931	Closed	Small invoice	11460
IF-1512854	110932	Closed	Small invoice	13580
IF-1512855	110933	Closed	Small invoice	28600
IF-1512856	110935	Open	Medium invoice	446250
IF-1512857	110938	Closed	Small invoice	14070
IF-1509603	110940	Closed	Small invoice	10940
IF-1509604	110941	Closed	Small invoice	10510
IF-1509611	110942	Closed	Medium invoice	110090
IF-1509612	110943	Closed	Small invoice	19630
IF-1509613	110944	Closed	Medium invoice	145620
IF-1509614	110945	Closed	Small invoice	26570
IF-1509615	110946	Closed	Small invoice	2760
IF-1509616	110947	Closed	Small invoice	93500
IF-1509617	110948	Closed	Medium invoice	108880
IF-1509618	110949	Closed	Small invoice	41600
IF-1509619	110950	Closed	Small invoice	45200
IF-1509620	110951	Closed	High-level invoice	1541390
IF-1509621	110952	Closed	Small invoice	89200
IF-1509622	110953	Closed	High-level invoice	1109960
IF-1509623	110954	Closed	Small invoice	37800
IF-1509624	110955	Closed	Small invoice	66990
IF-1509625	110956	Closed	Small invoice	22720
IF-1509626	110957	Closed	Small invoice	37800
IF-1509627	110958	Closed	Small invoice	23260
IF-1509628	110959	Closed	Small invoice	80600
IF-1509629	110960	Closed	Small invoice	39800
IF-1509630	110961	Closed	Small invoice	15360
IF-1509631	110962	Closed	Small invoice	11180
IF-1509632	110963	Closed	Small invoice	63300
IF-1509633	110964	Closed	Small invoice	72900
IF-1509634	110965	Closed	Small invoice	68700
IF-1509635	110966	Closed	Small invoice	34030
IF-1509636	110967	Closed	Small invoice	75600
IF-1509637	110968	Closed	Medium invoice	101280
IF-1509638	110969	Closed	Small invoice	88630
IF-1509639	110970	Closed	Small invoice	32510
IF-1509640	110971	Closed	Medium invoice	102350
IF-1509641	110972	Closed	Small invoice	79270
IF-1509642	110973	Closed	Medium invoice	277060
IF-1509643	110975	Closed	Small invoice	38190
IF-1509644	110976	Closed	Small invoice	88860
IF-1509645	110977	Closed	Small invoice	28850
IF-1509646	110978	Closed	Small invoice	87800
IF-1509647	110979	Closed	Small invoice	68400
IF-1509648	110981	Closed	Small invoice	37720
IF-1509649	110982	Closed	Small invoice	37220
IF-1509650	110983	Closed	Small invoice	15420
IF-1509651	110985	Closed	Medium invoice	179660
IF-1509652	110986	Closed	Small invoice	35460
IF-1509653	110987	Closed	Small invoice	32770
IF-1509654	110988	Closed	Small invoice	15740
IF-1509655	110990	Closed	Small invoice	62160
IF-1509656	110991	Closed	Medium invoice	123870
IF-1509657	110992	Closed	Small invoice	17190
IF-1509658	110993	Closed	Small invoice	39800
IF-1509659	110994	Closed	Medium invoice	163560
IF-1509660	110995	Closed	Small invoice	12190
IF-1509661	110996	Closed	Small invoice	1660
IF-1509662	110998	Closed	Small invoice	76870
IF-1509663	110999	Closed	Small invoice	58550
IF-1509664	111001	Closed	Small invoice	73300
IF-1509665	111002	Closed	Small invoice	14750
IF-1509666	111003	Closed	Small invoice	26710
IF-1509667	111004	Closed	Small invoice	17640
IF-1509668	111005	Closed	Small invoice	20630
IF-1509669	111006	Closed	Medium invoice	194230
IF-1509670	111007	Closed	Medium invoice	108290
IF-1509671	111008	Closed	Medium invoice	134470
IF-1509672	111011	Closed	Small invoice	10680
IF-1509673	111012	Closed	Small invoice	27460
IF-1509674	111013	Closed	Small invoice	28500
IF-1509675	111014	Closed	Small invoice	32840
IF-1509676	111015	Closed	Small invoice	22070
IF-1509677	111017	Closed	Small invoice	27660
IF-1509678	111018	Closed	Small invoice	8240
IF-1509680	111019	Closed	Small invoice	33230
IF-1509681	111020	Closed	Small invoice	21560
IF-1509682	111021	Closed	Small invoice	34780
IF-1509683	111022	Closed	Medium invoice	117480
IF-1509684	111024	Closed	Small invoice	26230
IF-1509685	111025	Closed	Small invoice	38090
IF-1509686	111026	Closed	High-level invoice	2659650
IF-1509687	111027	Closed	Small invoice	60770
IF-1509688	111029	Closed	Small invoice	60600
IF-1509689	111030	Closed	Small invoice	11790
IF-1509690	111031	Closed	Small invoice	50330
IF-1509691	111033	Closed	Medium invoice	182220
IF-1509692	111034	Closed	Medium invoice	388860
IF-1509693	111035	Closed	Small invoice	18860
IF-1509694	111036	Closed	Small invoice	98500
IF-1509695	111038	Closed	Small invoice	89200
IF-1509696	111039	Closed	Small invoice	46100
IF-1509697	111041	Closed	Medium invoice	296540
IF-1509698	111043	Closed	Medium invoice	766360
IF-1509699	111044	Closed	Medium invoice	265850
IF-1509730	111102	Closed	Small invoice	87220
IF-1512858	111047	Closed	Small invoice	2540
IF-1512859	111048	Closed	Small invoice	90700
IF-1512860	111049	Closed	Small invoice	11920
IF-1512861	111051	Closed	Small invoice	54700
IF-1512862	111052	Closed	Medium invoice	107420
IF-1512863	111053	Closed	Small invoice	19000
IF-1512864	111054	Closed	Medium invoice	246940
IF-1512865	111055	Closed	Small invoice	8370
IF-1512866	111056	Closed	Small invoice	28500
IF-1512867	111057	Closed	Small invoice	80900
IF-1512868	111058	Closed	Small invoice	66500
IF-1512869	111060	Closed	Small invoice	74850
IF-1512911	111270	Closed	Partner	900
IF-1512870	111061	Closed	Medium invoice	180040
IF-1512871	111062	Closed	Small invoice	10530
